id,price_doc
26,20000000
30,20000000
35,20000000
39,20000000
48,20000000
72,20000000
98,20000000
102,20000000
105,20000000
110,20000000
121,20000000
123,20000000
125,20000000
127,20000000
131,20000000
146,20000000
148,20000000
151,20000000
173,20000000
175,20000000
190,20000000
207,20000000
220,20000000
222,20000000
223,20000000
225,20000000
228,20000000
233,20000000
239,20000000
240,20000000
247,20000000
253,20000000
257,20000000
258,20000000
270,20000000
273,20000000
277,20000000
285,20000000
297,20000000
300,20000000
317,20000000
337,20000000
338,20000000
343,20000000
348,20000000
350,20000000
359,20000000
360,20000000
364,20000000
365,20000000
366,20000000
370,20000000
380,20000000
387,20000000
401,20000000
402,20000000
403,20000000
411,20000000
416,20000000
418,20000000
425,20000000
444,20000000
450,20000000
452,20000000
455,20000000
467,20000000
468,20000000
479,20000000
481,20000000
486,20000000
496,20000000
500,20000000
502,20000000
505,20000000
509,20000000
512,20000000
519,20000000
530,20000000
531,20000000
549,20000000
558,20000000
564,20000000
569,20000000
576,20000000
586,20000000
590,20000000
592,20000000
596,20000000
605,20000000
606,20000000
608,20000000
619,20000000
621,20000000
622,20000000
624,20000000
627,20000000
634,20000000
642,20000000
643,20000000
646,20000000
648,20000000
653,20000000
658,20000000
660,20000000
666,20000000
671,20000000
675,20000000
677,20000000
689,20000000
692,20000000
699,20000000
707,20000000
711,20000000
718,20000000
719,20000000
727,20000000
743,20000000
749,20000000
751,20000000
755,20000000
764,20000000
776,20000000
783,20000000
806,20000000
809,20000000
815,20000000
823,20000000
825,20000000
831,20000000
836,20000000
841,20000000
843,20000000
850,20000000
852,20000000
861,20000000
879,20000000
887,20000000
906,20000000
912,20000000
916,20000000
919,20000000
920,20000000
923,20000000
925,20000000
927,20000000
944,20000000
952,20000000
954,20000000
959,20000000
964,20000000
967,20000000
976,20000000
982,20000000
1002,20000000
1019,20000000
1022,20000000
1023,20000000
1028,20000000
1034,20000000
1036,20000000
1039,20000000
1041,20000000
1042,20000000
1048,20000000
1052,20000000
1064,20000000
1067,20000000
1071,20000000
1075,20000000
1076,20000000
1077,20000000
1079,20000000
1082,20000000
1088,20000000
1090,20000000
1092,20000000
1094,20000000
1097,20000000
1129,20000000
1134,20000000
1136,20000000
1147,20000000
1155,20000000
1158,20000000
1175,20000000
1183,20000000
1190,20000000
1195,20000000
1197,20000000
1198,20000000
1202,20000000
1208,20000000
1218,20000000
1231,20000000
1232,20000000
1233,20000000
1234,20000000
1241,20000000
1243,20000000
1250,20000000
1259,20000000
1277,20000000
1280,20000000
1282,20000000
1285,20000000
1288,20000000
1289,20000000
1294,20000000
1297,20000000
1299,20000000
1302,20000000
1306,20000000
1307,20000000
1313,20000000
1316,20000000
1318,20000000
1324,20000000
1325,20000000
1327,20000000
1332,20000000
1356,20000000
1362,20000000
1381,20000000
1382,20000000
1394,20000000
1396,20000000
1401,20000000
1413,20000000
1415,20000000
1427,20000000
1428,20000000
1439,20000000
1453,20000000
1460,20000000
1464,20000000
1469,20000000
1478,20000000
1482,20000000
1486,20000000
1488,20000000
1495,20000000
1499,20000000
1506,20000000
1510,20000000
1512,20000000
1527,20000000
1546,20000000
1547,20000000
1550,20000000
1551,20000000
1553,20000000
1554,20000000
1560,20000000
1565,20000000
1583,20000000
1586,20000000
1589,20000000
1592,20000000
1602,20000000
1605,20000000
1606,20000000
1607,20000000
1613,20000000
1619,20000000
1627,20000000
1628,20000000
1634,20000000
1637,20000000
1649,20000000
1652,20000000
1653,20000000
1656,20000000
1659,20000000
1665,20000000
1681,20000000
1685,20000000
1688,20000000
1690,20000000
1694,20000000
1704,20000000
1705,20000000
1706,20000000
1729,20000000
1735,20000000
1736,20000000
1738,20000000
1755,20000000
1756,20000000
1757,20000000
1758,20000000
1760,20000000
1767,20000000
1770,20000000
1778,20000000
1796,20000000
1797,20000000
1805,20000000
1806,20000000
1821,20000000
1825,20000000
1836,20000000
1839,20000000
1841,20000000
1848,20000000
1853,20000000
1859,20000000
1874,20000000
1875,20000000
1892,20000000
1913,20000000
1914,20000000
1916,20000000
1920,20000000
1921,20000000
1929,20000000
1934,20000000
1943,20000000
1944,20000000
1947,20000000
1960,20000000
1972,20000000
1977,20000000
1988,20000000
1992,20000000
1997,20000000
2007,20000000
2013,20000000
2019,20000000
2027,20000000
2034,20000000
2045,20000000
2050,20000000
2054,20000000
2055,20000000
2062,20000000
2067,20000000
2071,20000000
2073,20000000
2078,20000000
2079,20000000
2083,20000000
2090,20000000
2092,20000000
2093,20000000
2096,20000000
2097,20000000
2103,20000000
2104,20000000
2123,20000000
2124,20000000
2129,20000000
2140,20000000
2141,20000000
2142,20000000
2157,20000000
2168,20000000
2174,20000000
2177,20000000
2179,20000000
2183,20000000
2198,20000000
2206,20000000
2211,20000000
2213,20000000
2234,20000000
2236,20000000
2237,20000000
2241,20000000
2244,20000000
2251,20000000
2255,20000000
2259,20000000
2261,20000000
2265,20000000
2268,20000000
2285,20000000
2286,20000000
2291,20000000
2292,20000000
2293,20000000
2308,20000000
2315,20000000
2320,20000000
2323,20000000
2326,20000000
2328,20000000
2329,20000000
2337,20000000
2342,20000000
2346,20000000
2351,20000000
2352,20000000
2353,20000000
2356,20000000
2362,20000000
2367,20000000
2386,20000000
2401,20000000
2403,20000000
2404,20000000
2405,20000000
2406,20000000
2407,20000000
2411,20000000
2424,20000000
2430,20000000
2433,20000000
2436,20000000
2446,20000000
2448,20000000
2455,20000000
2460,20000000
2470,20000000
2473,20000000
2477,20000000
2487,20000000
2500,20000000
2506,20000000
2514,20000000
2523,20000000
2528,20000000
2532,20000000
2535,20000000
2540,20000000
2551,20000000
2561,20000000
2587,20000000
2596,20000000
2600,20000000
2608,20000000
2609,20000000
2620,20000000
2621,20000000
2623,20000000
2632,20000000
2636,20000000
2637,20000000
2653,20000000
2656,20000000
2666,20000000
2668,20000000
2674,20000000
2675,20000000
2678,20000000
2680,20000000
2681,20000000
2683,20000000
2684,20000000
2687,20000000
2691,20000000
2701,20000000
2704,20000000
2717,20000000
2724,20000000
2727,20000000
2738,20000000
2746,20000000
2754,20000000
2760,20000000
2781,20000000
2793,20000000
2794,20000000
2798,20000000
2802,20000000
2825,20000000
2828,20000000
2830,20000000
2834,20000000
2835,20000000
2837,20000000
2840,20000000
2847,20000000
2855,20000000
2856,20000000
2859,20000000
2882,20000000
2883,20000000
2891,20000000
2895,20000000
2896,20000000
2900,20000000
2904,20000000
2910,20000000
2913,20000000
2914,20000000
2939,20000000
2942,20000000
2943,20000000
2947,20000000
2974,20000000
2977,20000000
2982,20000000
2995,20000000
2998,20000000
3005,20000000
3019,20000000
3024,20000000
3028,20000000
3030,20000000
3031,20000000
3032,20000000
3042,20000000
3056,20000000
3073,20000000
3078,20000000
3082,20000000
3084,20000000
3087,20000000
3094,20000000
3096,20000000
3099,20000000
3112,20000000
3113,20000000
3114,20000000
3130,20000000
3137,20000000
3141,20000000
3147,20000000
3157,20000000
3158,20000000
3159,20000000
3161,20000000
3170,20000000
3175,20000000
3179,20000000
3186,20000000
3200,20000000
3202,20000000
3205,20000000
3220,20000000
3224,20000000
3226,20000000
3235,20000000
3241,20000000
3260,20000000
3265,20000000
3266,20000000
3271,20000000
3278,20000000
3282,20000000
3285,20000000
3291,20000000
3301,20000000
3305,20000000
3306,20000000
3308,20000000
3309,20000000
3312,20000000
3318,20000000
3320,20000000
3326,20000000
3330,20000000
3331,20000000
3334,20000000
3353,20000000
3364,20000000
3371,20000000
3380,20000000
3382,20000000
3384,20000000
3385,20000000
3386,20000000
3389,20000000
3395,20000000
3400,20000000
3403,20000000
3406,20000000
3407,20000000
3408,20000000
3410,20000000
3422,20000000
3429,20000000
3434,20000000
3435,20000000
3440,20000000
3444,20000000
3446,20000000
3450,20000000
3453,20000000
3469,20000000
3471,20000000
3473,20000000
3478,20000000
3488,20000000
3492,20000000
3496,20000000
3498,20000000
3500,20000000
3507,20000000
3516,20000000
3518,20000000
3536,20000000
3537,20000000
3541,20000000
3545,20000000
3547,20000000
3562,20000000
3563,20000000
3567,20000000
3568,20000000
3573,20000000
3575,20000000
3580,20000000
3588,20000000
3593,20000000
3595,20000000
3603,20000000
3621,20000000
3629,20000000
3630,20000000
3631,20000000
3634,20000000
3635,20000000
3636,20000000
3641,20000000
3657,20000000
3661,20000000
3669,20000000
3691,20000000
3692,20000000
3699,20000000
3706,20000000
3709,20000000
3712,20000000
3719,20000000
3727,20000000
3731,20000000
3740,20000000
3750,20000000
3752,20000000
3757,20000000
3759,20000000
3762,20000000
3763,20000000
3768,20000000
3771,20000000
3773,20000000
3774,20000000
3785,20000000
3793,20000000
3795,20000000
3804,20000000
3814,20000000
3816,20000000
3819,20000000
3822,20000000
3827,20000000
3831,20000000
3848,20000000
3854,20000000
3894,20000000
3899,20000000
3900,20000000
3901,20000000
3911,20000000
3920,20000000
3930,20000000
3935,20000000
3939,20000000
3944,20000000
3951,20000000
3961,20000000
3966,20000000
3969,20000000
3971,20000000
3977,20000000
3979,20000000
3980,20000000
3982,20000000
3988,20000000
3992,20000000
3996,20000000
3997,20000000
4001,20000000
4004,20000000
4006,20000000
4008,20000000
4009,20000000
4015,20000000
4027,20000000
4028,20000000
4034,20000000
4035,20000000
4037,20000000
4046,20000000
4062,20000000
4074,20000000
4084,20000000
4096,20000000
4101,20000000
4112,20000000
4118,20000000
4122,20000000
4138,20000000
4159,20000000
4161,20000000
4165,20000000
4184,20000000
4189,20000000
4203,20000000
4209,20000000
4214,20000000
4221,20000000
4224,20000000
4227,20000000
4233,20000000
4241,20000000
4245,20000000
4258,20000000
4259,20000000
4263,20000000
4264,20000000
4267,20000000
4268,20000000
4269,20000000
4270,20000000
4272,20000000
4274,20000000
4283,20000000
4294,20000000
4303,20000000
4308,20000000
4310,20000000
4311,20000000
4314,20000000
4317,20000000
4318,20000000
4328,20000000
4334,20000000
4341,20000000
4342,20000000
4356,20000000
4366,20000000
4367,20000000
4371,20000000
4382,20000000
4384,20000000
4389,20000000
4394,20000000
4399,20000000
4400,20000000
4404,20000000
4414,20000000
4417,20000000
4418,20000000
4421,20000000
4425,20000000
4434,20000000
4435,20000000
4441,20000000
4445,20000000
4447,20000000
4451,20000000
4457,20000000
4459,20000000
4460,20000000
4464,20000000
4475,20000000
4478,20000000
4493,20000000
4500,20000000
4501,20000000
4508,20000000
4515,20000000
4517,20000000
4522,20000000
4527,20000000
4535,20000000
4539,20000000
4546,20000000
4551,20000000
4553,20000000
4558,20000000
4560,20000000
4562,20000000
4565,20000000
4567,20000000
4569,20000000
4580,20000000
4582,20000000
4583,20000000
4597,20000000
4604,20000000
4616,20000000
4618,20000000
4620,20000000
4630,20000000
4636,20000000
4639,20000000
4648,20000000
4651,20000000
4653,20000000
4666,20000000
4687,20000000
4695,20000000
4699,20000000
4701,20000000
4707,20000000
4718,20000000
4730,20000000
4733,20000000
4746,20000000
4752,20000000
4753,20000000
4757,20000000
4765,20000000
4768,20000000
4771,20000000
4774,20000000
4779,20000000
4783,20000000
4793,20000000
4795,20000000
4799,20000000
4800,20000000
4807,20000000
4810,20000000
4820,20000000
4829,20000000
4830,20000000
4838,20000000
4841,20000000
4859,20000000
4863,20000000
4865,20000000
4868,20000000
4869,20000000
4879,20000000
4882,20000000
4883,20000000
4884,20000000
4889,20000000
4894,20000000
4900,20000000
4902,20000000
4911,20000000
4912,20000000
4924,20000000
4934,20000000
4940,20000000
4942,20000000
4944,20000000
4945,20000000
4946,20000000
4948,20000000
4965,20000000
4975,20000000
4977,20000000
4995,20000000
5004,20000000
5009,20000000
5014,20000000
5018,20000000
5028,20000000
5029,20000000
5030,20000000
5048,20000000
5050,20000000
5053,20000000
5056,20000000
5058,20000000
5062,20000000
5069,20000000
5075,20000000
5076,20000000
5097,20000000
5105,20000000
5121,20000000
5122,20000000
5127,20000000
5129,20000000
5131,20000000
5139,20000000
5147,20000000
5148,20000000
5155,20000000
5166,20000000
5168,20000000
5174,20000000
5177,20000000
5194,20000000
5196,20000000
5197,20000000
5211,20000000
5218,20000000
5219,20000000
5221,20000000
5224,20000000
5227,20000000
5246,20000000
5261,20000000
5271,20000000
5274,20000000
5275,20000000
5278,20000000
5279,20000000
5293,20000000
5316,20000000
5321,20000000
5328,20000000
5332,20000000
5361,20000000
5383,20000000
5389,20000000
5392,20000000
5407,20000000
5412,20000000
5420,20000000
5429,20000000
5433,20000000
5434,20000000
5453,20000000
5467,20000000
5476,20000000
5501,20000000
5504,20000000
5516,20000000
5529,20000000
5535,20000000
5536,20000000
5541,20000000
5548,20000000
5550,20000000
5556,20000000
5558,20000000
5563,20000000
5576,20000000
5577,20000000
5590,20000000
5593,20000000
5595,20000000
5601,20000000
5615,20000000
5619,20000000
5621,20000000
5622,20000000
5624,20000000
5625,20000000
5639,20000000
5652,20000000
5654,20000000
5672,20000000
5676,20000000
5677,20000000
5694,20000000
5695,20000000
5701,20000000
5708,20000000
5713,20000000
5717,20000000
5726,20000000
5738,20000000
5739,20000000
5742,20000000
5745,20000000
5755,20000000
5756,20000000
5758,20000000
5772,20000000
5805,20000000
5810,20000000
5822,20000000
5835,20000000
5839,20000000
5843,20000000
5859,20000000
5861,20000000
5862,20000000
5866,20000000
5867,20000000
5872,20000000
5876,20000000
5885,20000000
5890,20000000
5898,20000000
5900,20000000
5901,20000000
5909,20000000
5913,20000000
5916,20000000
5918,20000000
5921,20000000
5931,20000000
5934,20000000
5935,20000000
5940,20000000
5941,20000000
5955,20000000
5958,20000000
5973,20000000
5975,20000000
5976,20000000
5977,20000000
5981,20000000
5991,20000000
5995,20000000
6000,20000000
6001,20000000
6017,20000000
6018,20000000
6038,20000000
6041,20000000
6053,20000000
6057,20000000
6063,20000000
6067,20000000
6074,20000000
6082,20000000
6088,20000000
6089,20000000
6092,20000000
6093,20000000
6094,20000000
6096,20000000
6101,20000000
6112,20000000
6114,20000000
6121,20000000
6128,20000000
6140,20000000
6148,20000000
6149,20000000
6158,20000000
6160,20000000
6191,20000000
6192,20000000
6193,20000000
6203,20000000
6210,20000000
6219,20000000
6226,20000000
6230,20000000
6234,20000000
6237,20000000
6238,20000000
6250,20000000
6253,20000000
6256,20000000
6286,20000000
6302,20000000
6309,20000000
6316,20000000
6332,20000000
6347,20000000
6352,20000000
6362,20000000
6365,20000000
6371,20000000
6377,20000000
6387,20000000
6391,20000000
6395,20000000
6399,20000000
6402,20000000
6405,20000000
6407,20000000
6413,20000000
6414,20000000
6416,20000000
6417,20000000
6431,20000000
6435,20000000
6436,20000000
6438,20000000
6440,20000000
6441,20000000
6458,20000000
6477,20000000
6485,20000000
6490,20000000
6495,20000000
6507,20000000
6511,20000000
6513,20000000
6520,20000000
6528,20000000
6529,20000000
6539,20000000
6540,20000000
6543,20000000
6551,20000000
6558,20000000
6560,20000000
6564,20000000
6579,20000000
6581,20000000
6587,20000000
6590,20000000
6594,20000000
6598,20000000
6599,20000000
6603,20000000
6606,20000000
6613,20000000
6618,20000000
6620,20000000
6623,20000000
6625,20000000
6628,20000000
6629,20000000
6631,20000000
6643,20000000
6651,20000000
6671,20000000
6675,20000000
6681,20000000
6682,20000000
6688,20000000
6704,20000000
6715,20000000
6716,20000000
6720,20000000
6725,20000000
6743,20000000
6751,20000000
6753,20000000
6754,20000000
6757,20000000
6759,20000000
6762,20000000
6763,20000000
6767,20000000
6780,20000000
6782,20000000
6784,20000000
6789,20000000
6792,20000000
6802,20000000
6805,20000000
6807,20000000
6810,20000000
6814,20000000
6818,20000000
6823,20000000
6830,20000000
6832,20000000
6836,20000000
6840,20000000
6842,20000000
6846,20000000
6847,20000000
6850,20000000
6855,20000000
6857,20000000
6860,20000000
6863,20000000
6871,20000000
6884,20000000
6889,20000000
6893,20000000
6898,20000000
6911,20000000
6914,20000000
6918,20000000
6934,20000000
6953,20000000
6956,20000000
6971,20000000
6974,20000000
6982,20000000
6991,20000000
6997,20000000
7011,20000000
7032,20000000
7045,20000000
7051,20000000
7052,20000000
7063,20000000
7068,20000000
7071,20000000
7072,20000000
7073,20000000
7079,20000000
7088,20000000
7090,20000000
7104,20000000
7106,20000000
7117,20000000
7118,20000000
7121,20000000
7124,20000000
7133,20000000
7134,20000000
7135,20000000
7138,20000000
7140,20000000
7145,20000000
7155,20000000
7160,20000000
7162,20000000
7168,20000000
7171,20000000
7176,20000000
7184,20000000
7190,20000000
7203,20000000
7213,20000000
7223,20000000
7224,20000000
7225,20000000
7231,20000000
7233,20000000
7241,20000000
7242,20000000
7247,20000000
7249,20000000
7254,20000000
7257,20000000
7261,20000000
7279,20000000
7299,20000000
7301,20000000
7304,20000000
7311,20000000
7312,20000000
7314,20000000
7315,20000000
7316,20000000
7332,20000000
7338,20000000
7341,20000000
7343,20000000
7368,20000000
7373,20000000
7384,20000000
7385,20000000
7389,20000000
7391,20000000
7395,20000000
7405,20000000
7415,20000000
7423,20000000
7425,20000000
7434,20000000
7437,20000000
7442,20000000
7456,20000000
7461,20000000
7467,20000000
7475,20000000
7485,20000000
7486,20000000
7496,20000000
7497,20000000
7502,20000000
7513,20000000
7516,20000000
7529,20000000
7533,20000000
7536,20000000
7537,20000000
7542,20000000
7551,20000000
7565,20000000
7568,20000000
7569,20000000
7577,20000000
7579,20000000
7595,20000000
7598,20000000
7600,20000000
7603,20000000
7617,20000000
7629,20000000
7634,20000000
7641,20000000
7643,20000000
7646,20000000
7656,20000000
7658,20000000
7669,20000000
7670,20000000
7677,20000000
7679,20000000
7682,20000000
7697,20000000
7699,20000000
7700,20000000
7701,20000000
7704,20000000
7706,20000000
7707,20000000
7709,20000000
7715,20000000
7723,20000000
7735,20000000
7747,20000000
7751,20000000
7754,20000000
7766,20000000
7780,20000000
7781,20000000
7788,20000000
7802,20000000
7806,20000000
7807,20000000
7813,20000000
7818,20000000
7823,20000000
7825,20000000
7827,20000000
7828,20000000
7832,20000000
7835,20000000
7840,20000000
7853,20000000
7858,20000000
7859,20000000
7860,20000000
7869,20000000
7872,20000000
7881,20000000
7885,20000000
7900,20000000
7904,20000000
7913,20000000
7915,20000000
7916,20000000
7920,20000000
7925,20000000
7928,20000000
7938,20000000
7945,20000000
7966,20000000
7983,20000000
7998,20000000
8001,20000000
8005,20000000
8011,20000000
8012,20000000
8021,20000000
8024,20000000
8025,20000000
8027,20000000
8029,20000000
8053,20000000
8067,20000000
8071,20000000
8073,20000000
8074,20000000
8075,20000000
8076,20000000
8083,20000000
8085,20000000
8089,20000000
8105,20000000
8106,20000000
8115,20000000
8116,20000000
8123,20000000
8133,20000000
8134,20000000
8139,20000000
8142,20000000
8144,20000000
8166,20000000
8179,20000000
8180,20000000
8183,20000000
8189,7774342.7342
8192,20000000
8209,20000000
8217,20000000
8223,20000000
8229,20000000
8230,20000000
8234,20000000
8263,20000000
8275,20000000
8291,20000000
8303,20000000
8310,20000000
8338,20000000
8343,20000000
8360,20000000
8374,20000000
8379,20000000
8380,20000000
8395,20000000
8402,20000000
8403,20000000
8405,20000000
8411,20000000
8421,20000000
8422,20000000
8432,20000000
8443,20000000
8447,20000000
8459,20000000
8462,20000000
8469,20000000
8473,8886238.1093
8476,20000000
8480,20000000
8499,20000000
8504,6821392.8933
8513,20000000
8514,20000000
8515,20000000
8517,20000000
8521,20000000
8531,20000000
8535,20000000
8538,6287591.4099
8543,20000000
8549,20000000
8555,20000000
8566,6426494.6376
8574,5798710.7957
8575,20000000
8589,20000000
8591,20000000
8597,20000000
8599,20000000
8612,20000000
8623,20000000
8624,20000000
8628,10490595.543
8639,20000000
8640,20000000
8651,20000000
8654,20000000
8680,20000000
8683,20000000
8690,20000000
8694,20000000
8696,20000000
8699,4829683.9135
8700,20000000
8709,20000000
8713,20000000
8714,20000000
8721,20000000
8729,20000000
8735,20000000
8749,9253321.4481
8751,20000000
8767,20000000
8768,20000000
8774,20000000
8783,20000000
8791,5340957.4914
8793,20000000
8800,20000000
8812,20000000
8813,20000000
8815,20000000
8816,20000000
8825,11882827.699
8834,20000000
8836,20000000
8839,20000000
8840,20000000
8856,20000000
8862,20000000
8874,20000000
8883,20000000
8895,20000000
8908,20000000
8913,20000000
8929,20000000
8931,20000000
8942,20000000
8956,7163078.4738
8957,20000000
8964,20000000
8968,7211583.8153
8988,20000000
9013,20000000
9026,20000000
9040,7759189.5122
9045,20000000
9046,20000000
9052,20000000
9061,20000000
9062,20000000
9074,20000000
9086,20000000
9091,20000000
9092,20000000
9093,20000000
9099,20000000
9102,20000000
9103,20000000
9110,5794989.9833
9151,20000000
9154,20000000
9160,5250887.0461
9165,20000000
9167,20000000
9169,20000000
9172,20000000
9184,4039510.4362
9185,20000000
9192,20000000
9200,20000000
9202,20000000
9205,20000000
9215,20000000
9216,20000000
9219,20000000
9220,20000000
9225,20000000
9234,20000000
9235,20000000
9241,20000000
9242,20000000
9243,20000000
9246,10252903.624
9247,20000000
9271,10827608.917
9279,20000000
9282,20000000
9295,20000000
9300,7279314.9834
9302,20000000
9307,20000000
9311,20000000
9316,20000000
9318,20000000
9320,20000000
9324,4022001.3301
9333,20000000
9337,20000000
9339,20000000
9345,20000000
9359,20000000
9365,20000000
9370,14845367.897
9377,20000000
9379,20000000
9382,20000000
9385,20000000
9393,20000000
9400,20000000
9403,20000000
9409,20000000
9412,20000000
9413,20000000
9420,20000000
9421,20000000
9424,20000000
9425,20000000
9435,20000000
9440,4853311.9371
9448,20000000
9452,1488320.2435
9457,20000000
9458,20000000
9459,12105542.616
9476,20000000
9506,20000000
9513,20000000
9516,20000000
9520,20000000
9521,20000000
9523,17630013.675
9528,20000000
9549,8624131.3849
9559,20000000
9561,20000000
9573,20000000
9574,20000000
9581,20000000
9585,20000000
9586,7439206.9895
9588,20000000
9590,20000000
9592,20000000
9595,20000000
9596,8907357.5158
9609,20000000
9611,20000000
9641,20000000
9652,20000000
9653,20000000
9659,20000000
9662,20000000
9669,20000000
9677,20000000
9680,20000000
9682,20000000
9684,20000000
9688,20000000
9697,14203922.018
9698,20000000
9699,9054329.8722
9704,6085606.3198
9705,20000000
9709,20000000
9735,4260023.5377
9745,20000000
9755,7017103.6873
9758,20000000
9761,20000000
9762,3879097.5031
9764,8859654.8969
9771,20000000
9772,20000000
9773,20000000
9775,20000000
9776,20000000
9779,20000000
9780,20000000
9781,20000000
9789,8938100.9733
9795,20000000
9799,10686787.51
9802,11469677.488
9804,20000000
9813,8920998.6108
9815,20000000
9822,20000000
9827,5946322.6751
9833,5588444.4877
9840,20000000
9849,20000000
9854,20000000
9855,20000000
9857,4262994.5689
9861,20000000
9877,7687038.9496
9879,20000000
9882,20000000
9887,20000000
9904,20000000
9906,20000000
9914,4140999.7681
9922,20000000
9934,6373778.6596
9936,20000000
9938,20000000
9945,7321279.0422
9946,20000000
9949,8711356.5951
9950,5334821.2097
9951,20000000
9957,20000000
9968,11690314.55
9975,20000000
9997,6271780.3124
10008,8132358.3634
10009,15388349.216
10013,20000000
10015,20000000
10016,10387349.661
10022,20000000
10023,10441909.992
10027,20000000
10028,3058868.5942
10029,9846686.9091
10033,20000000
10038,20000000
10049,20000000
10057,20000000
10058,20000000
10065,20000000
10070,20000000
10073,20000000
10076,20000000
10077,20000000
10081,20000000
10086,16342299.249
10089,20000000
10098,20000000
10100,20000000
10111,20000000
10113,20000000
10117,6001421.7565
10131,5913011.3344
10132,9803813.9775
10136,4937060.3463
10137,20000000
10138,20000000
10148,20000000
10152,5532459.0103
10155,4190335.6765
10158,8950200.8001
10169,20000000
10176,20000000
10181,20000000
10186,10089105.335
10189,6425597.5676
10190,20000000
10194,20000000
10209,20000000
10211,12368643.384
10218,20000000
10224,20000000
10240,6301250.7541
10244,7789504.0092
10248,20000000
10255,20000000
10267,11219824.678
10271,6861605.3245
10273,20000000
10277,3727558.3022
10280,20000000
10281,20000000
10284,20000000
10286,7514931.0419
10290,20000000
10295,6191589.9584
10304,20000000
10307,20000000
10316,6192615.9712
10319,2466451.6982
10320,9804966.7852
10327,20000000
10330,7336805.8222
10334,20000000
10338,10188388.268
10343,8315131.5944
10349,20000000
10350,20000000
10353,5847224.1148
10363,6239387.2096
10372,20000000
10373,20000000
10376,6369096.0841
10382,3600002.5661
10394,20000000
10410,5814315.7355
10415,9955999.393
10416,5501055.2139
10434,4792481.9813
10437,20000000
10448,20000000
10487,20000000
10488,10639555.91
10492,20000000
10500,10432103.695
10505,9786257.7567
10508,4382927.2376
10511,8136432.7904
10517,20000000
10518,9226509.1066
10524,9570538.4096
10532,20000000
10534,20000000
10536,4542220.5916
10538,20000000
10553,9945166.2346
10559,8454087.5089
10560,11325981.491
10561,3443939.5538
10563,9115282.2071
10574,20000000
10580,20000000
10581,14015933.727
10587,7394852.0274
10594,7425921.652
10600,20000000
10606,20000000
10613,20000000
10615,4207967.3015
10616,5152546.6497
10621,9864560.793
10622,7851385.7703
10626,20000000
10631,20000000
10641,5361605.0184
10642,11228981.093
10646,5302839.8467
10651,15147658.14
10656,20000000
10657,4364702.0888
10658,20000000
10666,20000000
10671,20000000
10672,11521190.408
10693,7225377.8154
10695,5785336.9268
10696,20000000
10704,14977393.815
10707,8920145.6045
10708,8890677.5904
10714,7559228.2455
10715,5935273.3452
10716,20000000
10728,20000000
10733,5764747.786
10737,20000000
10747,6581324.6002
10752,21654619.941
10755,20000000
10762,3659094.8892
10763,20000000
10766,20000000
10778,20000000
10780,20000000
10785,20000000
10793,20000000
10814,3879167.722
10835,7334952.1895
10837,7177029.5708
10840,11620340.34
10849,20000000
10851,20000000
10866,8966559.623
10868,6525073.5713
10890,20000000
10900,5321902.4295
10903,20000000
10908,20000000
10912,20000000
10914,20000000
10918,20000000
10919,20000000
10920,20000000
10925,7446949.619
10935,20000000
10938,6101955.6134
10944,20000000
10950,9958753.523
10964,5996033.5308
10975,11915468.952
10977,7810491.8159
10980,9179488.9667
11005,20000000
11010,20000000
11018,20000000
11026,8666699.7951
11036,20000000
11041,3002006.5243
11042,6396015.7699
11045,10998207.414
11046,10685071.049
11048,11249161.302
11053,4891415.0928
11054,7608463.1823
11056,9707066.8664
11057,20000000
11061,10721041.479
11063,20000000
11078,4819456.6664
11079,7344802.4891
11084,7363208.1546
11090,20000000
11096,5623415.3596
11097,13454182.547
11105,4216381.5959
11107,7181027.886
11115,11008217.593
11122,8960320.6969
11132,20000000
11133,20000000
11137,16825851.567
11143,8289068.3483
11156,475369.30244
11187,10245422.29
11190,20000000
11194,20000000
11196,20000000
11202,6221324.4289
11204,4377276.1453
11217,6208388.2162
11222,4790279.8439
11226,14565257.901
11228,5903411.2765
11239,20000000
11241,20000000
11242,20000000
11243,20000000
11245,20000000
11246,20000000
11247,20000000
11254,4321167.7679
11263,20000000
11273,5632101.5315
11276,20000000
11293,2207668.0058
11309,4726394.7118
11313,5510317.4849
11315,20000000
11322,20000000
11332,13495881.525
11339,7612787.8124
11342,7729727.283
11355,4755574.9865
11359,6608079.2369
11376,12741486.51
11385,20000000
11395,9209167.0317
11406,6457711.2228
11415,5059288.0689
11425,20000000
11430,20000000
11432,5783002.657
11434,5952465.8821
11435,6430976.2963
11436,8703519.4188
11439,20000000
11445,14285733.848
11447,7640956.7844
11479,6056252.9452
11482,6787753.7666
11487,10124668.483
11495,20000000
11498,20000000
11508,8625860.8954
11514,20000000
11517,12877268.885
11526,20000000
11541,7247856.2744
11555,20000000
11560,8746001.7333
11563,11559923.862
11574,8146128.407
11578,20000000
11584,20000000
11608,20000000
11613,16587436.097
11620,4359465.492
11638,20000000
11640,6334972.5565
11643,7544771.172
11646,20000000
11648,7713789.2095
11656,20000000
11657,7361384.3765
11673,20000000
11681,4753072.1419
11695,26112991.632
11696,5397571.9639
11698,20000000
11699,5412739.2691
11706,7314017.3972
11710,20000000
11712,6513101.2894
11730,20000000
11734,20000000
11744,20000000
11745,20000000
11756,20000000
11763,20000000
11768,20000000
11783,20000000
11791,5251693.1073
11794,20000000
11802,6631107.8781
11809,8588521.3018
11815,20000000
11817,20000000
11819,6444499.4234
11830,20000000
11841,15860256.556
11851,20000000
11861,20000000
11863,5637266.6661
11865,20000000
11869,20000000
11877,20000000
11878,20000000
11889,20000000
11894,4684121.9294
11905,20000000
11910,20000000
11920,9400474.4888
11929,7249209.7774
11930,20000000
11931,8757109.7547
11935,10252161.328
11938,3891605.8332
11942,7447028.5101
11949,20000000
11956,6135563.4826
11964,5584894.8863
11968,20000000
11974,6341862.9264
11976,6601786.6429
11977,5606589.7364
11984,5847883.458
11985,6100840.2111
11994,20000000
11998,20000000
12000,20000000
12003,6432790.1452
12005,11024208.029
12009,20000000
12014,20000000
12019,10971404.319
12020,5133837.7969
12021,20000000
12025,6289379.8879
12030,1519815.2095
12045,17783693.215
12047,9676197.8141
12050,20000000
12054,6167093.6539
12055,5550735.0738
12056,11198522.372
12063,20000000
12064,20000000
12067,20000000
12071,13704474.923
12074,6027766.2138
12077,9874401.1116
12093,7912122.0067
12095,20000000
12099,20000000
12103,3858751.9982
12110,6951677.4951
12112,8555265.1816
12115,8664186.4008
12125,20000000
12126,20000000
12136,20000000
12138,20000000
12146,4443342.0071
12147,6173746.8162
12152,9139325.909
12170,9301392.6826
12171,3708102.2365
12178,20000000
12181,20000000
12183,4044112.1868
12189,20000000
12201,20000000
12203,6108207.1187
12204,20000000
12210,6673828.4744
12214,20000000
12217,20000000
12219,20000000
12231,16200244.452
12238,5940198.3617
12241,12566763.07
12247,20000000
12251,7190200.9109
12266,7634332.4788
12267,10680874.883
12270,4987537.395
12279,4946745.6211
12295,20000000
12298,20000000
12306,9008246.8993
12311,20000000
12314,20000000
12325,20000000
12328,8042246.0289
12333,17270891.542
12346,20000000
12349,20000000
12350,20000000
12355,12203215.839
12366,6990666.3727
12370,5638894.2249
12382,11504626.366
12396,10341816.611
12412,6382256.6262
12416,5469673.2211
12417,5094272.0967
12427,20000000
12450,6097396.2653
12455,11054010.28
12456,9783855.272
12462,6792857.0117
12463,8625269.2765
12464,20000000
12468,4094840.9618
12475,20000000
12476,20000000
12484,7271051.6799
12488,4528231.6588
12491,5070389.2143
12496,20000000
12507,20000000
12508,20000000
12516,5741267.2808
12519,20000000
12520,20000000
12522,20000000
12528,20000000
12536,4792796.2592
12554,20000000
12557,6063201.3875
12558,20000000
12559,4446131.6745
12562,8735539.0184
12566,20000000
12573,12193425.278
12574,7176305.0999
12575,20000000
12577,6200593.891
12591,13682931.932
12597,20000000
12614,20000000
12615,20000000
12620,20000000
12622,12257630.612
12623,20000000
12625,4337442.4604
12630,20000000
12631,20000000
12635,11838013.985
12649,7206722.2894
12651,6961834.7269
12656,14983602.556
12669,7547668.7931
12674,6129555.7844
12675,7438549.4671
12686,20000000
12698,9825330.9938
12708,20000000
12723,5473936.3003
12732,6636322.5064
12756,4464831.2454
12757,8040258.5697
12760,4765040.9237
12762,5021922.9923
12774,20000000
12782,8596496.7493
12785,2998280.8
12786,6287810.9783
12790,20000000
12794,20000000
12799,20000000
12800,4359465.492
12806,20000000
12819,5774845.5381
12820,20000000
12821,8334110.7094
12829,20000000
12833,20000000
12837,20000000
12843,20000000
12848,20000000
12857,20000000
12860,4509108.9677
12861,20000000
12868,20000000
12869,7537183.0548
12874,5350909.428
12878,20000000
12886,20000000
12892,20000000
12898,20000000
12899,6157082.8536
12900,10903292.328
12908,11215985.696
12909,7074746.1454
12911,20000000
12918,7583007.2647
12932,20000000
12934,8713971.8455
12941,9263770.1641
12942,6741101.4191
12943,20000000
12953,5283443.7649
12957,20000000
12958,5563718.2367
12962,20000000
12974,20000000
12978,20000000
12981,20000000
12988,9103189.869
12995,5827916.4096
12996,4398571.6153
12999,16260271.205
13000,20000000
13002,20000000
13005,6311805.2254
13035,20000000
13037,20000000
13039,20000000
13066,9378291.677
13087,5966302.9258
13088,5555714.1999
13091,20000000
13098,20198823.685
13108,20000000
13111,20000000
13123,20000000
13146,5997731.5447
13147,10451513.209
13165,25991844.412
13177,4937543.0981
13180,6097355.0245
13197,20000000
13201,20000000
13202,14176371.035
13207,20000000
13230,5141240.0093
13234,7479852.2838
13238,20000000
13245,36147590.071
13251,3494369.99
13256,20000000
13279,7231869.6706
13282,20000000
13288,20000000
13290,9955417.41
13291,8646935.2262
13298,20000000
13301,20000000
13303,9220305.8223
13305,9719980.0125
13313,20000000
13316,6440910.4272
13320,20000000
13330,20000000
13338,20000000
13342,6398966.5149
13347,20000000
13349,7427587.8952
13377,20000000
13385,20000000
13391,20000000
13392,5420727.8664
13397,10109162.494
13404,8587584.5029
13415,20000000
13419,9935397.3105
13431,20000000
13439,20000000
13444,20000000
13460,9019552.3151
13464,9039670.5728
13478,6233089.1468
13486,20000000
13494,10924538.351
13511,20000000
13515,3643244.9428
13521,5832915.0599
13537,20000000
13545,20000000
13549,20000000
13583,5511853.9238
13587,11748658.297
13592,8772170.1014
13598,20000000
13608,17093621.27
13613,2816104.5515
13616,8385824.2042
13619,20000000
13623,5246506.6274
13624,5297512.5211
13633,10981696.707
13638,9718385.2768
13646,4774636.384
13648,5898645.1915
13649,7288240.2939
13657,20000000
13658,20000000
13667,20000000
13686,20000000
13692,20000000
13697,20000000
13699,20000000
13700,3779944.3715
13706,7068476.1658
13709,20000000
13712,20000000
13719,11676529.042
13724,5232896.6301
13725,2995350.5765
13728,20000000
13732,20000000
13745,20000000
13777,5545511.8209
13786,6575048.4788
13798,7526612.1299
13827,12275753.836
13828,20000000
13829,6088639.755
13830,20000000
13840,20000000
13841,5945353.73
13842,20000000
13852,20000000
13853,20000000
13859,7093316.7347
13870,20000000
13872,5298098.2655
13875,20000000
13876,20000000
13879,9162511.7905
13881,20000000
13882,20000000
13886,12006986.816
13889,20000000
13899,7071528.6472
13901,20000000
13902,20000000
13914,5069561.2154
13915,4669048.3068
13920,20000000
13924,6493537.2568
13925,20000000
13930,3894575.1166
13933,5053165.8404
13952,14755601.087
13953,8489308.638
13959,4218306.8646
13960,7413507.7114
13962,20000000
13965,20000000
13968,20000000
13974,10474824.566
13976,20000000
13982,7767835.1184
13983,20000000
13984,4586735.3682
13999,6808267.7301
14013,20000000
14026,6332308.2298
14029,20000000
14042,20000000
14048,7025063.8557
14059,14685686.272
14067,20000000
14073,9783534.5225
14080,20000000
14092,13644022.128
14093,10822782.614
14111,11935157.761
14112,2050574.8147
14113,5801309.7913
14132,20000000
14135,5803009.7467
14146,19954792.75
14158,20000000
14163,5001128.0664
14164,7403216.9293
14165,20000000
14169,20000000
14171,20000000
14173,20000000
14178,7155718.5475
14184,5829721.1911
14190,5830474.9214
14192,20000000
14217,20000000
14224,20000000
14231,7411575.9176
14233,20000000
14235,7260745.9875
14247,4740845.4969
14252,20000000
14265,4350256.2403
14267,20000000
14268,20000000
14274,6221684.5284
14275,6365232.1546
14281,20000000
14295,7789545.7959
14306,6279336.2763
14307,8275085.4665
14308,8695308.4757
14309,8299529.8694
14318,20000000
14325,20000000
14329,11548130.939
14330,20000000
14337,20000000
14342,8293088.9501
14344,3465934.1566
14350,14159540.02
14355,20000000
14357,6628070.5432
14358,5594027.4711
14359,4135586.0555
14380,7932181.0398
14400,20000000
14402,10856838.398
14409,6168756.007
14429,20000000
14430,6581646.3304
14434,14082176.791
14445,20000000
14451,20000000
14453,20000000
14457,7733137.9105
14462,14569402.436
14468,20000000
14475,8369424.2016
14479,7957039.7313
14489,8059687.0834
14492,6467619.1776
14499,6469386.8227
14502,20000000
14505,3913933.3366
14518,20000000
14524,20000000
14526,7315723.7898
14546,20000000
14548,5752635.566
14550,20000000
14562,4743545.3021
14575,20000000
14576,13663112.072
14579,20000000
14580,20000000
14582,20000000
14594,9490442.6156
14595,9476461.8115
14597,7151260.0338
14609,14794306.176
14613,20000000
14614,20000000
14627,8088950.8439
14633,5122844.7907
14638,20000000
14639,9934748.7711
14645,20000000
14648,5283271.8021
14650,5770338.5609
14668,20000000
14674,20000000
14678,20000000
14680,5200151.9924
14689,20000000
14690,20000000
14692,9782518.9841
14704,20000000
14705,20000000
14713,8339916.071
14716,6064613.4948
14717,6166547.6523
14723,14557456.167
14728,2860836.4382
14744,8164777.822
14745,8997047.3797
14750,20000000
14767,7253505.3634
14792,20000000
14793,6169436.661
14804,20000000
14817,20000000
14822,20000000
14824,20000000
14833,21850068.364
14837,20000000
14839,4731811.6486
14840,20000000
14843,20000000
14846,20000000
14853,11835627.74
14865,6784495.6621
14877,5090985.4257
14897,10852614.679
14908,7495478.894
14911,20000000
14914,20000000
14917,20000000
14919,20000000
14922,20000000
14925,6493223.8549
14931,20000000
14940,20000000
14942,5012926.5966
14943,20000000
14952,1973387.709
14953,20000000
14957,5251693.1073
14959,12240528.176
14960,20000000
14979,3401641.5513
14984,20000000
14988,20000000
14989,20000000
14990,9791844.5378
14994,20000000
14995,5509189.43
14998,8919536.0791
15000,20000000
15003,7067695.4449
15023,6577150.2626
15025,20000000
15036,20000000
15037,3866879.7652
15050,4587774.8117
15060,20000000
15071,3932318.9945
15085,6783547.1894
15094,7417594.2772
15118,20000000
15121,20000000
15122,20000000
15124,20000000
15131,20000000
15150,20000000
15152,20000000
15186,20000000
15188,20000000
15193,20000000
15196,6771238.8753
15217,5487853.7236
15218,9505751.3923
15221,20000000
15222,8506250.4315
15225,20000000
15228,20000000
15236,8765908.1815
15238,20000000
15247,9899128.455
15252,20000000
15265,4094570.285
15266,20000000
15271,20000000
15275,20000000
15277,20000000
15279,8571935.2862
15290,7059478.3523
15300,5668845.5469
15308,7442486.1744
15328,20000000
15329,5895259.0473
15334,20000000
15337,20000000
15338,7662841.4933
15345,20000000
15351,20000000
15358,7479636.7751
15364,12389274.883
15366,20000000
15373,12516390.778
15381,10386218.289
15406,20000000
15419,20000000
15422,4016823.7316
15424,6898027.9921
15425,20000000
15427,20000000
15429,20000000
15436,20000000
15440,13405500.262
15459,20000000
15469,5895036.9418
15474,20000000
15476,20000000
15482,20000000
15484,20000000
15485,4350048.1991
15490,8878510.2778
15492,20000000
15498,12119928.074
15503,20000000
15515,20000000
15519,20000000
15524,11189052.631
15532,20000000
15536,20000000
15539,20000000
15540,20000000
15553,5242013.2243
15563,5709909.0543
15572,20000000
15574,20000000
15577,20000000
15603,20000000
15634,7801609.087
15638,20000000
15651,12965568.407
15653,6051734.2281
15658,4271241.1993
15664,20000000
15666,20000000
15674,7577195.8584
15681,20000000
15684,5293374.9948
15689,20000000
15692,20000000
15694,6977346.9923
15712,5535256.9353
15715,4839474.528
15720,20000000
15724,7217240.5429
15728,8614496.0328
15731,20000000
15736,8628393.7254
15737,20000000
15748,8118384.4639
15752,7054063.7491
15757,20000000
15762,10370014.932
15764,5142028.5299
15771,20000000
15775,5912473.5435
15787,5048638.9868
15793,20000000
15801,8034524.1142
15807,178538.5186
15811,15225024.755
15819,8506250.4315
15827,20000000
15830,5142064.316
15840,20000000
15848,8276545.6106
15870,5714647.7378
15875,20000000
15882,20000000
15890,20000000
15899,5235305.421
15908,20000000
15915,9279818.5041
15918,20000000
15921,20000000
15923,12026199.124
15928,20000000
15933,20000000
15936,20000000
15937,4171846.9301
15944,9739681.4955
15945,5732983.9844
15952,19394785.532
15961,5352031.9069
15969,20000000
15981,4153242.3061
15984,20000000
15988,20000000
15993,20000000
15997,3146349.6091
16011,20000000
16018,6637399.0005
16020,20000000
16027,7560785.1235
16040,5286733.8541
16046,5967781.6997
16047,7810957.8571
16059,6218401.0311
16060,12196640.724
16069,5552146.2603
16083,20000000
16096,8122058.0889
16114,4741741.1401
16118,20000000
16121,9339526.2346
16144,8570387.7122
16151,11623070.596
16153,5979007.8624
16166,20000000
16194,20000000
16195,20000000
16200,4418479.5672
16202,9930244.2709
16206,20000000
16210,5718461.0644
16222,20000000
16223,20000000
16231,10160642.477
16233,34257415.107
16238,20000000
16239,20000000
16249,20000000
16255,20000000
16260,20000000
16264,5541950.4894
16272,20000000
16287,20000000
16293,20000000
16297,20000000
16301,6764281.1981
16306,6117423.5436
16311,13616764.847
16312,20000000
16319,20000000
16322,12133959.113
16333,20000000
16334,9788382.6693
16337,8666790.2527
16340,20000000
16349,11924181.531
16354,6249532.5244
16358,5308741.1221
16379,10092302.835
16380,20000000
16386,20000000
16389,20000000
16392,20000000
16404,5173123.591
16407,20000000
16408,20000000
16413,7023437.7954
16415,20000000
16423,20000000
16429,15979619.221
16435,20000000
16440,10393336.257
16443,9177263.5511
16445,9330752.7638
16449,20000000
16463,20000000
16464,6810873.0884
16473,6073664.7624
16474,20000000
16484,16158387.64
16487,11313726.568
16488,20000000
16492,12950425.137
16496,20000000
16517,20000000
16519,20000000
16524,7274871.7112
16525,20000000
16529,2371337.6285
16545,20000000
16550,20000000
16571,5242649.2393
16574,18062729.479
16579,20000000
16584,20000000
16585,4864776.46
16588,20000000
16598,3390968.1208
16610,8880055.749
16611,20000000
16624,20000000
16625,8859842.9268
16626,20000000
16647,20000000
16654,4466656.7966
16659,9851055.6042
16666,20000000
16671,15072028.15
16674,20000000
16685,4688899.6599
16690,20000000
16699,11473996.413
16702,20000000
16712,20000000
16717,8519535.2949
16718,20000000
16721,5655944.6931
16723,4742600.1781
16740,20000000
16750,20000000
16755,7519183.1625
16767,20000000
16770,5601024.7968
16781,20000000
16784,3926720.675
16787,7397895.8979
16792,20000000
16796,20000000
16801,5221456.5269
16813,20000000
16818,20000000
16828,20000000
16834,20000000
16842,20000000
16856,20000000
16858,6464903.5701
16862,6492002.7798
16863,10321929.879
16867,20000000
16871,4271770.1174
16876,20000000
16881,7065190.4753
16882,20000000
16883,5148382.1574
16884,8302744.8407
16896,4928724.6072
16900,20000000
16902,20000000
16903,5911812.2054
16911,20000000
16922,10197751.408
16925,20000000
16926,20000000
16935,10516281.674
16942,5853510.4077
16969,20000000
16977,20000000
16980,16167420.6
16982,20000000
16983,7088103.2524
16987,9162511.7905
17003,20000000
17005,20000000
17009,20000000
17010,7740291.733
17011,5873275.8862
17012,8317389.9824
17022,11068341.796
17035,20000000
17036,6640753.8788
17042,20000000
17046,9803577.8374
17054,3660584.093
17087,6820879.2061
17089,6095649.6206
17091,5774760.3534
17097,5730939.6723
17102,13063535.481
17103,8519434.2219
17104,20000000
17108,6611467.3315
17109,4130612.3678
17120,6128303.6138
17125,5279377.6051
17157,20000000
17163,20000000
17164,20000000
17166,12355047.549
17179,8395452.6514
17190,20000000
17191,20000000
17194,4212486.2708
17207,5200534.835
17214,20000000
17216,11441453.464
17221,20000000
17226,20000000
17241,9223001.9057
17245,8403757.3555
17250,8798692.1332
17260,4736128.3774
17261,16674163.795
17280,20000000
17292,6422718.4344
17293,10829917.088
17295,20000000
17297,20000000
17299,45915395.731
17306,20000000
17309,9935691.7471
17311,5910900.5872
17324,20000000
17326,20000000
17337,20000000
17344,20000000
17346,20000000
17348,6187451.4277
17349,5561309.1784
17355,20000000
17358,4798061.6974
17382,8057176.87
17394,20000000
17399,20000000
17403,20000000
17405,27568788.133
17415,20000000
17417,5607349.5463
17429,20000000
17436,4541025.4418
17437,20877019.371
17442,7807511.9907
17458,20000000
17478,20000000
17482,9840054.714
17489,10665849.794
17490,10949069.12
17491,20000000
17494,20000000
17495,20000000
17506,15915096.413
17508,19161694.659
17511,20000000
17521,9997951.0853
17526,20000000
17529,33534533.868
17533,10765469.677
17540,10985069.876
17542,6186390.2512
17547,12927975.474
17548,9634745.9667
17552,6764708.7764
17563,20000000
17578,7666326.7856
17580,6076472.4165
17592,20000000
17594,4338597.6604
17596,20000000
17600,20000000
17608,5298380.8426
17611,5168525.0535
17614,27542871.668
17617,12505269.602
17618,9723044.0044
17622,5376112.1
17632,6751325.6766
17640,5368887.967
17650,20000000
17652,20000000
17663,5384906.443
17664,20000000
17683,8757708.3862
17691,20000000
17704,20000000
17721,6840006.0563
17725,20000000
17733,13560779.789
17736,13340834.693
17740,6831567.7069
17743,20000000
17758,20000000
17760,1299112.9519
17767,20000000
17770,20000000
17771,20000000
17772,3742558.3142
17790,19811996.054
17800,4481081.4577
17801,20000000
17802,10919975.52
17803,7683658.9454
17806,8070381.6883
17811,20000000
17814,20000000
17827,14525180.383
17833,20000000
17841,20000000
17846,11621834.322
17859,3797009.6042
17868,20000000
17870,17704731.778
17874,20000000
17877,4061386.7447
17882,4236098.2529
17894,20000000
17900,20000000
17911,11192390.832
17915,20000000
17917,20000000
17922,20000000
17924,20000000
17928,7950323.5129
17939,20000000
17946,4254746.6192
17959,20000000
17960,20000000
17962,6902341.5483
17965,3718308.6908
17966,20000000
17971,6899416.7667
17975,4314497.0253
17981,4517431.2489
17998,3503391.4143
18001,5370044.5252
18003,8106684.2306
18005,10329302.578
18015,3675711.7391
18038,20000000
18050,20000000
18058,1942967.1235
18067,20000000
18124,5012234.9967
18126,20000000
18127,20000000
18134,20000000
18148,6493720.8681
18151,5256073.4309
18154,10104860.076
18164,20000000
18166,20000000
18176,20000000
18179,20000000
18182,22574340.153
18185,5395344.6151
18190,20000000
18195,20000000
18201,13593598.699
18204,20000000
18207,10633827.529
18214,20000000
18215,20000000
18221,20000000
18224,7328361.1754
18226,20000000
18228,20000000
18233,20000000
18236,20000000
18239,20000000
18249,20000000
18258,6619938.8081
18265,6251657.437
18276,20000000
18280,20000000
18282,20683974.973
18285,12272847.683
18293,4578030.7029
18299,20000000
18300,8513506.4015
18306,11334563.826
18308,6487433.7495
18312,6393519.0387
18319,20000000
18321,4700218.7201
18328,7858492.6823
18329,3870923.6256
18333,7585000.1911
18338,2585903.4744
18343,20000000
18357,9584331.0035
18370,20000000
18372,7992413.9465
18373,4832597.423
18374,5247231.5876
18385,6650788.7191
18396,10747594.293
18403,20000000
18408,20000000
18420,20000000
18428,8657247.2624
18440,12828058.629
18443,20000000
18445,20000000
18452,6142861.5829
18453,20000000
18460,5078656.4719
18465,5655944.6931
18472,20000000
18477,4636902.6366
18500,5972067.8638
18509,11032340.196
18512,20000000
18513,8812575.688
18528,20000000
18529,20000000
18533,9320297.9563
18535,20000000
18540,20000000
18544,20000000
18546,9370569.2258
18549,5859263.9068
18555,20000000
18560,20000000
18569,8057847.7864
18585,20000000
18586,12126029.014
18588,11182406.601
18596,20000000
18597,20000000
18606,20000000
18614,20000000
18616,20000000
18622,20000000
18631,11305528.049
18636,20000000
18637,12831553.559
18649,12664207.95
18653,9967056.9536
18660,5552803.975
18677,11176839.742
18703,20000000
18713,20000000
18717,20000000
18720,5716224.6613
18721,7157410.4722
18722,5875233.6873
18725,5330997.4927
18733,20000000
18739,12712328.329
18762,7718584.1026
18766,20000000
18767,20000000
18773,6308378.7431
18791,4603029.5354
18792,20000000
18793,6311944.8558
18795,10667389.643
18796,6204135.551
18797,10894242.942
18806,20000000
18807,5530542.068
18808,7087450.8901
18821,7006859.8541
18822,13114585.064
18827,5629735.6483
18837,20000000
18843,5874723.5168
18846,20000000
18847,20000000
18852,6465198.2041
18858,20000000
18859,20000000
18870,20000000
18873,20000000
18879,20000000
18880,9931697.8857
18904,20000000
18905,7579259.3012
18928,4504928.5916
18932,4950297.3814
18935,20000000
18944,4505655.7297
18953,8860588.8716
18954,20000000
18960,20000000
18962,20000000
18966,20000000
18968,20000000
18981,20000000
18982,5179043.7142
18990,10078727.861
18991,10559577.018
18993,20000000
18994,20000000
19000,5969549.1337
19005,12956058.98
19013,5888414.3204
19019,4945320.6666
19024,20000000
19029,20000000
19030,4377276.1453
19045,20000000
19046,20000000
19053,4360401.6105
19073,20000000
19079,3076994.9588
19090,4581357.0012
19092,6212661.4909
19097,20000000
19101,7823393.8389
19109,5269434.0417
19124,20000000
19131,7153803.172
19133,20000000
19134,5942769.171
19135,6483529.6743
19140,20000000
19145,6767601.0201
19147,20000000
19149,5840748.2378
19155,20000000
19170,6820462.2769
19171,20000000
19173,20000000
19175,9793236.0645
19206,7015517.1321
19207,15809828.877
19208,7590136.5068
19220,20000000
19221,20000000
19229,7616132.7629
19231,9930793.8381
19232,12567776.054
19236,20000000
19247,20000000
19253,5999764.065
19263,4378339.1291
19268,4224834.6985
19270,4110242.8525
19271,8392037.0039
19274,12461589.343
19276,22215608.784
19291,4735273.2442
19294,5451620.6439
19317,20000000
19320,20000000
19325,4540719.1075
19336,8526951.5211
19347,5650279.4691
19353,8444843.2291
19371,20000000
19374,20000000
19376,20000000
19388,11214439.49
19389,20000000
19405,3718030.1538
19419,10355246.912
19422,20000000
19430,7080944.894
19436,9350336.7047
19437,10383108.048
19441,20000000
19446,6001735.2156
19456,10669386.886
19457,11081223.854
19464,20000000
19476,20000000
19478,20000000
19489,20000000
19493,5696875.3562
19510,20000000
19512,6953788.9827
19516,20000000
19519,10679409.073
19523,20000000
19526,20000000
19541,20000000
19557,20000000
19573,20000000
19574,20000000
19578,20000000
19579,20000000
19585,20000000
19587,5719708.5306
19588,7622158.3717
19590,20000000
19591,20000000
19594,20000000
19596,20000000
19597,3843166.3056
19599,5147770.1042
19600,3670912.7689
19604,20000000
19611,20000000
19614,5917639.4655
19618,5576445.926
19623,20000000
19627,20000000
19628,20000000
19629,10306678.256
19638,6060179.223
19647,4866777.7325
19654,20000000
19655,20000000
19663,20000000
19691,12124531.526
19692,20000000
19694,13241652.464
19698,20000000
19699,7258190.6068
19703,8916137.5549
19704,6460082.9355
19707,11328355.505
19714,20000000
19724,6325843.9036
19731,20000000
19735,11768490.697
19742,6793062.3761
19755,20000000
19760,7291103.6789
19761,6030990.4547
19766,4129854.9323
19768,20000000
19770,3942820.3813
19772,20000000
19781,5059876.8771
19788,20000000
19801,4539196.7691
19806,20000000
19808,20000000
19814,20000000
19816,20000000
19821,20000000
19836,8140940.1333
19839,5985581.591
19843,6979675.7092
19853,20000000
19866,6424236.3537
19876,14134966.99
19877,7571476.4075
19887,20000000
19895,5407373.0892
19902,10091565.929
19914,20000000
19923,7391463.319
19928,20000000
19933,20000000
19945,20000000
19951,20000000
19962,5085867.4032
19974,20000000
19976,20000000
20003,20000000
20007,2751475.3332
20012,20000000
20023,7098493.3044
20029,6486599.8936
20031,20000000
20042,20000000
20050,11909273.794
20054,8158848.0296
20060,20000000
20064,20000000
20069,20000000
20074,7306906.4615
20076,20000000
20078,20000000
20087,24829765.285
20090,10684966.16
20091,20000000
20094,7060374.3002
20105,17242524.954
20110,8890738.4588
20122,10857704.591
20124,20000000
20141,6560257.6621
20143,20000000
20144,20000000
20149,7502409.9578
20150,13160280.301
20156,10512785.674
20162,4205255.3283
20164,4776513.4588
20168,7406787.1766
20169,20000000
20180,20000000
20183,11830507.739
20189,5328757.9645
20194,9554080.153
20196,20000000
20204,4948156.1103
20208,5179092.303
20210,20000000
20216,20000000
20217,20000000
20219,6337781.6508
20235,20000000
20246,20000000
20247,12259393.154
20250,20000000
20261,20000000
20269,6188181.6364
20270,24830168.606
20279,20000000
20284,20000000
20285,2975994.7959
20294,7651002.8937
20298,20000000
20310,5566947.7771
20324,20000000
20326,20000000
20331,20000000
20336,7102969.4509
20340,20000000
20343,9266174.1252
20345,20000000
20354,20000000
20365,10283108.78
20372,20000000
20373,20000000
20374,20000000
20378,6712117.7376
20379,3859273.7938
20386,20000000
20390,20000000
20391,11438060.159
20402,20000000
20406,20000000
20407,20000000
20420,20000000
20423,5977962.1539
20425,20000000
20433,20000000
20436,9481466.1977
20438,13454485.223
20443,12026948.715
20468,20000000
20470,10175035.215
20477,14753486.302
20484,20000000
20492,20000000
20497,10902149.86
20507,20000000
20513,7289440.2302
20519,7577785.0129
20520,20000000
20528,20000000
20529,5519089.8256
20533,20000000
20535,9693670.9017
20540,20000000
20543,20000000
20551,7777794.1568
20561,4159671.7124
20573,20000000
20579,20000000
20580,6848166.0424
20586,14522881.643
20597,5429973.6438
20601,20000000
20612,20000000
20628,8289244.5072
20629,10061969.36
20632,20000000
20633,13038689.975
20634,20000000
20635,20000000
20640,6200726.5626
20644,3723050.272
20646,20000000
20659,20000000
20661,20000000
20666,20000000
20669,5209846.2329
20675,3547650.9611
20691,20000000
20693,5744257.7924
20717,20000000
20731,20000000
20735,16493093.729
20737,20000000
20743,20000000
20744,20000000
20746,10018443.502
20748,20000000
20756,11472106.093
20761,26979104.302
20771,20000000
20775,9095341.6373
20778,16927172.44
20787,5528398.9043
20792,20000000
20803,20000000
20813,8244592.4373
20816,20000000
20833,10671883.676
20834,6061261.3075
20850,20000000
20854,20000000
20864,5199377.9805
20867,20000000
20869,20000000
20871,20000000
20874,20000000
20876,4265915.8396
20881,20000000
20886,20000000
20887,14343610.368
20892,20000000
20896,20000000
20898,3537857.1023
20902,7263451.8478
20906,20000000
20907,7751447.5819
20919,8037042.8177
20922,20000000
20923,5340312.2505
20927,20000000
20931,9164942.9406
20937,6293689.9586
20940,20000000
20942,5235378.4293
20943,12614400.914
20944,1474533.9564
20948,20000000
20949,20000000
20952,12632775.146
20956,20000000
20961,6240138.5063
20969,20000000
20982,20000000
20994,20000000
21002,20000000
21006,20000000
21008,6102507.6233
21012,5584613.6598
21018,3641282.5369
21025,20000000
21031,5671562.9798
21043,20000000
21053,8158405.8209
21057,20000000
21058,4679193.3794
21059,7788824.0753
21061,20000000
21071,9996492.2717
21078,20000000
21081,4878889.7265
21085,20000000
21099,20000000
21107,20000000
21109,5509640.4364
21114,20000000
21118,20000000
21122,20000000
21127,20000000
21129,20000000
21133,14259785.412
21135,20000000
21138,20000000
21140,20000000
21145,8463145.8138
21149,9812009.3619
21151,6314967.6718
21152,23370772.471
21154,6575000.3869
21158,13754960.108
21163,4152122.0513
21182,7057058.6418
21203,18569385.532
21207,14755264.147
21219,20000000
21222,1002253.0316
21243,8408011.8379
21266,20000000
21268,14957331.876
21269,6247905.2018
21280,20000000
21287,5070052.7906
21289,20000000
21302,20000000
21314,20000000
21320,6863082.5018
21322,20000000
21326,8873825.6331
21335,15391795.004
21337,9075890.8765
21341,20000000
21349,20000000
21354,5651577.9235
21358,20000000
21366,7386242.6454
21368,16639576.997
21369,8050312.7538
21370,20000000
21372,4822808.0363
21380,20000000
21396,5584813.7565
21397,20000000
21404,20000000
21422,22943101.728
21423,20000000
21431,20000000
21442,20000000
21449,20000000
21451,8135416.2174
21453,23702024.756
21459,20000000
21486,20000000
21494,20000000
21504,7498576.7835
21537,20000000
21547,20000000
21554,4152910.5109
21557,20000000
21568,20000000
21589,20000000
21590,20000000
21593,20000000
21596,20000000
21597,6945872.9501
21603,8967491.1298
21613,3280888.0426
21623,12228462.704
21624,9749725.6299
21633,20000000
21637,25520464.949
21641,20000000
21643,12363476.29
21646,20000000
21658,20000000
21660,9496849.0744
21663,20000000
21664,20000000
21674,5356222.1242
21680,20000000
21681,11540967.832
21683,12146386.495
21688,15104835.561
21695,20000000
21696,20000000
21700,20000000
21701,20000000
21714,20000000
21715,20000000
21716,9455065.188
21719,10350679.866
21727,20000000
21733,20000000
21734,5877750.1572
21735,4928764.9528
21738,20000000
21740,5377089.8687
21744,4688231.4198
21749,20000000
21752,5254191.3101
21755,5990181.1283
21757,20000000
21760,6558719.1582
21761,20000000
21763,5563142.1191
21764,6052979.7652
21776,13373501.594
21778,20000000
21783,7731266.2979
21784,20000000
21788,5135075.1159
21789,5911941.9539
21790,6761389.2421
21792,20000000
21793,9903014.875
21799,11688075.448
21806,9788204.8778
21807,3932983.5176
21816,20000000
21822,10013734.402
21830,7974670.3162
21840,20000000
21853,5193677.0386
21858,20000000
21861,3632364.2134
21863,20000000
21867,6958406.2579
21888,20000000
21889,16795806.93
21890,8585500.138
21895,3917947.4124
21906,20000000
21907,9763488.3199
21913,9997849.4506
21915,20000000
21922,9458209.2256
21926,3185173.3063
21936,9121984.5966
21960,17027784.291
21965,8282460.403
21967,4181431.6243
21970,4901893.6435
21973,20000000
21976,20000000
21978,20000000
21981,5499735.4436
21987,20000000
21988,20000000
21992,7297761.0982
22002,13750552.568
22004,20000000
22006,4211464.8679
22007,20000000
22017,13706263.654
22018,20000000
22020,21762229.421
22025,8090220.3016
22033,5892546.5109
22036,9558627.548
22045,6876235.1138
22047,20000000
22050,20000000
22055,7759765.8436
22058,6034575.8075
22066,6573813.634
22073,8497617.8061
22079,20000000
22091,5597759.0234
22096,20000000
22111,5164614.1153
22116,13795054.908
22124,18504508.954
22132,7736109.0135
22134,9934124.8947
22135,20000000
22144,20000000
22150,5064509.4776
22153,6605333.1458
22157,6760453.7062
22160,20000000
22161,20000000
22162,20000000
22169,20000000
22171,20000000
22178,9432001.6836
22181,7576226.5131
22189,20000000
22191,20000000
22196,20000000
22197,20000000
22204,6201247.136
22209,20000000
22211,20000000
22215,20000000
22218,20000000
22224,20000000
22234,6947732.4975
22235,10553109.967
22246,10033054.068
22253,6753065.8181
22257,20000000
22263,20000000
22270,11666286.715
22273,20000000
22277,9654739.8581
22304,20000000
22305,20000000
22306,23677638.893
22307,20000000
22313,20000000
22314,5157194.9027
22319,20000000
22332,3207616.8712
22337,14545101.198
22361,10190938.91
22362,10090114.797
22367,6979983.5634
22377,12852842.039
22395,20000000
22396,14643859.768
22403,4934699.3418
22410,9804428.997
22413,2379987.4313
22414,4163989.563
22417,20000000
22436,11145529.921
22438,20000000
22454,20000000
22465,20000000
22469,20000000
22472,20000000
22478,2920941.2542
22487,5524748.3912
22489,10690524.164
22499,7148806.4638
22502,20000000
22503,20000000
22505,7328883.6321
22521,5686494.6415
22522,15135459.402
22523,4240558.3832
22526,20000000
22533,8380960.5095
22547,6390963.8102
22551,5794450.1534
22552,20000000
22555,20000000
22560,20000000
22568,6214005.3183
22571,6758991.6699
22581,20000000
22582,20000000
22591,20000000
22593,20000000
22597,20000000
22603,20000000
22613,4175081.1981
22619,20000000
22634,20000000
22644,7170033.167
22655,20000000
22663,3417561.0311
22664,7657825.4592
22667,14505730.023
22673,20000000
22680,7033044.021
22682,5448064.4122
22683,20000000
22685,20000000
22686,6786259.5908
22687,20000000
22689,4954123.4862
22693,20000000
22695,19359259.214
22699,15870580.848
22704,20000000
22706,7353090.9339
22709,20000000
22714,5494996.9233
22719,10946457.433
22724,20000000
22739,20000000
22742,10102841.798
22745,5927165.3775
22746,20000000
22752,6605532.6856
22754,20000000
22767,6435143.7994
22777,20000000
22785,20000000
22792,20000000
22793,4712523.6115
22796,20000000
22799,11713664.542
22803,11170847.511
22804,4018661.6894
22807,7717853.7422
22808,20262905.33
22811,20000000
22822,20000000
22841,12454497.307
22850,20000000
22858,20000000
22864,13446939.547
22869,20000000
22874,7210302.8814
22891,4252426.8003
22892,20000000
22895,9312842.2049
22901,20000000
22911,20000000
22917,3394706.9037
22925,20000000
22926,20000000
22932,11011352.315
22942,4882944.7955
22951,15279342.504
22956,9815366.5125
22966,20000000
22975,20000000
22983,20000000
22986,20000000
22999,20000000
23004,20000000
23013,20000000
23026,20000000
23030,11750535.382
23036,20000000
23043,20000000
23044,16148136.868
23049,20000000
23054,15172257.158
23059,12433469.793
23064,20000000
23066,20000000
23071,7481670.9317
23077,20000000
23084,20000000
23096,20000000
23104,20000000
23107,7193765.0032
23114,4017553.6811
23122,20000000
23126,9602032.2271
23131,20000000
23132,20000000
23134,20000000
23136,13424323.601
23141,6182167.3483
23146,20000000
23147,5862138.8454
23156,20000000
23161,20000000
23170,20000000
23182,20000000
23184,17134519.075
23187,20000000
23197,4538002.7234
23204,20000000
23208,20000000
23210,20000000
23212,20000000
23215,20000000
23218,20000000
23223,6774867.0977
23242,5363337.7606
23251,20000000
23256,7570044.9313
23266,20000000
23269,20000000
23270,8672066.9492
23272,20000000
23280,1562404.3584
23282,20000000
23296,13978209.738
23326,20000000
23333,20000000
23334,7299182.4375
23335,7592449.4831
23344,20000000
23345,10906086.099
23346,5494099.882
23347,4810359.5344
23354,9063613.5281
23357,20000000
23358,20000000
23360,4051637.2404
23388,20000000
23389,11567407.325
23390,20000000
23391,20000000
23392,20000000
23394,8851085.7491
23398,20000000
23407,8195291.2718
23409,7026427.0598
23411,20000000
23418,17039026.536
23437,-311048.581
23442,20000000
23448,20000000
23460,20000000
23462,20000000
23466,7548115.6887
23471,20000000
23473,9861181.4676
23488,20000000
23489,20000000
23490,20000000
23498,20000000
23508,20000000
23512,4580609.3834
23517,20000000
23518,15231856.431
23524,20000000
23525,20000000
23536,20000000
23548,20000000
23567,20000000
23581,9180759.9342
23582,20000000
23588,3507200.291
23589,2683639.205
23591,20000000
23595,7403447.7702
23599,8876161.321
23603,20000000
23605,15151087.208
23616,7863079.7385
23620,20000000
23623,20000000
23625,12733150.658
23627,5607667.2027
23636,20000000
23644,9293160.608
23651,20000000
23654,20000000
23662,20000000
23667,7795394.266
23669,20000000
23676,20000000
23684,20000000
23687,7110848.3503
23694,20000000
23695,20000000
23696,20000000
23700,6639554.5947
23701,11115498.345
23733,6140469.8967
23735,20000000
23737,20000000
23756,20000000
23767,20000000
23779,20000000
23784,20000000
23786,20000000
23788,22340640.771
23795,8896390.1884
23797,5571236.7043
23798,20000000
23799,4215456.6181
23802,20000000
23819,20000000
23853,20000000
23870,20000000
23882,7070488.6696
23885,20000000
23888,20000000
23891,20000000
23903,9204470.8108
23912,4492273.0748
23915,20000000
23931,7527926.5896
23933,20000000
23937,11101526.768
23941,6370728.6841
23946,7911466.8229
23970,20000000
23973,20000000
23974,11643032.215
23989,20000000
23990,4987174.5996
24000,8842526.4084
24004,12593989.967
24006,7341588.3167
24010,21515176.869
24012,7150094.5172
24021,20000000
24023,20000000
24025,20000000
24027,20000000
24033,8799312.2508
24034,6670244.1427
24047,20000000
24049,5541835.4668
24055,3938489.0688
24059,5512086.5399
24070,20000000
24074,2454641.1999
24098,20000000
24103,20000000
24108,20000000
24110,13044094.511
24128,20000000
24129,7592997.8924
24133,15611786.926
24134,20000000
24137,11264617.139
24149,5857007.506
24156,29801792.489
24160,20000000
24161,8836695.9764
24169,20000000
24186,20000000
24192,9691372.5071
24200,5307643.5444
24202,20000000
24211,7712554.6587
24216,10612783.793
24225,20000000
24228,20000000
24236,6005362.684
24250,20000000
24258,5427401.0214
24260,20000000
24282,20000000
24285,20000000
24287,10143240.703
24295,20000000
24301,20000000
24302,20000000
24313,9216946.8698
24318,20000000
24323,20000000
24333,7370143.0435
24345,7903976.1855
24346,20000000
24354,20000000
24363,7217998.8159
24367,5131828.4463
24370,20000000
24377,20000000
24380,11073083.377
24384,20000000
24387,20000000
24392,20000000
24398,2992241.515
24410,20000000
24412,4815759.564
24420,3194855.753
24423,23615882.375
24441,20000000
24442,20000000
24444,20000000
24447,5237486.0015
24461,20000000
24462,20000000
24470,4943840.6556
24473,5981755.0672
24487,20000000
24493,20000000
24494,20000000
24496,20000000
24510,20000000
24523,20000000
24532,20000000
24533,4327399.9485
24535,11991484.829
24540,20000000
24548,6749004.7762
24552,20000000
24560,3818476.7485
24563,20000000
24571,20000000
24573,17569376.471
24577,20000000
24590,4967028.0371
24593,20000000
24595,10228462.826
24600,6936421.2685
24601,20000000
24605,20000000
24607,20000000
24617,20000000
24622,8031185.6202
24626,20000000
24629,20000000
24641,13134080.606
24647,16930575.258
24654,20000000
24659,20000000
24669,20000000
24670,20000000
24672,20000000
24675,20000000
24679,20000000
24705,6657734.7506
24706,9764440.8112
24714,20000000
24741,20000000
24754,9648207.0355
24756,20000000
24762,5532743.5684
24784,20000000
24790,20000000
24801,5388101.4595
24806,11748972.862
24807,20000000
24809,20000000
24812,20000000
24818,3921964.2732
24829,20000000
24834,8362879.382
24844,20000000
24845,20000000
24861,11971693.43
24863,6203721.4467
24867,9074879.108
24870,8890477.3012
24871,20000000
24872,7266585.6103
24873,20000000
24875,20000000
24876,20000000
24887,5032172.7058
24890,20000000
24904,20000000
24912,20000000
24919,20000000
24922,20000000
24923,3098888.1257
24927,20000000
24961,5984519.3036
24966,20000000
24967,20000000
24976,20000000
24977,20000000
24986,20000000
25002,5364501.5617
25003,20000000
25005,8787027.907
25012,13244329.321
25015,20000000
25028,8942093.2946
25029,16667833.656
25032,20000000
25036,20000000
25040,20000000
25046,6980195.3591
25048,9876026.128
25065,20000000
25067,20000000
25074,1838741.3633
25076,20000000
25078,20000000
25091,7081449.6265
25105,20000000
25121,20000000
25124,20000000
25126,20000000
25128,14381045.617
25134,20000000
25137,20000000
25140,4439941.3678
25160,10651735.034
25165,20000000
25170,20000000
25173,20000000
25174,20000000
25176,13271873.727
25177,11260825.127
25182,20000000
25190,20000000
25192,20000000
25204,20000000
25205,20000000
25213,9193301.7471
25223,11272467.132
25226,20000000
25229,20000000
25231,7337594.5993
25234,20000000
25239,20000000
25248,9041052.8207
25256,3790916.7156
25261,20000000
25265,20000000
25281,20000000
25288,20000000
25293,6681267.5058
25294,20000000
25296,8538573.4038
25301,20000000
25315,5668845.5469
25323,20000000
25328,3077414.7652
25341,20000000
25343,6878602.0075
25356,4337956.1956
25365,20000000
25377,20000000
25382,20000000
25386,20000000
25388,20000000
25390,20000000
25394,3529507.3237
25401,8892804.5438
25406,20000000
25417,20000000
25425,7775228.0791
25430,2972813.9525
25444,20000000
25446,14613865.179
25456,4867364.0499
25460,6924020.826
25465,20000000
25468,20000000
25477,4470250.5196
25478,5619081.2392
25479,4978249.7796
25486,20000000
25493,20000000
25499,20000000
25505,20000000
25507,20000000
25508,20000000
25511,8900321.0425
25512,20000000
25517,20000000
25519,14947119.256
25521,20000000
25522,20000000
25523,20000000
25526,20000000
25534,20000000
25537,7500164.3951
25539,20000000
25543,3841546.8803
25551,7822469.3537
25554,20000000
25556,5641611.2937
25563,7386953.3403
25575,5261620.4192
25583,9501435.3256
25586,20000000
25592,20000000
25600,6422553.8361
25604,20000000
25610,20000000
25611,10137229.08
25630,20000000
25632,20000000
25635,6251264.7288
25659,5228125.0778
25671,20000000
25680,9321481.5882
25687,8205530.5693
25698,20000000
25721,20000000
25723,20000000
25727,20000000
25735,20000000
25738,5899071.7869
25745,9127145.2777
25747,7023354.4334
25748,19604095.454
25751,20000000
25753,20000000
25755,6346271.465
25777,4880684.9709
25783,9282271.1514
25785,20000000
25788,8810180.6261
25792,10393197.402
25796,3439457.9354
25816,20000000
25817,20000000
25824,6451399.2119
25826,19220922.85
25828,5647908.0543
25830,20000000
25838,5954631.6055
25843,15573844.398
25851,20000000
25854,20000000
25858,20000000
25863,20000000
25866,20000000
25872,20000000
25904,20000000
25917,20000000
25918,13302732.689
25920,14592201.722
25925,20000000
25928,20000000
25932,5904538.8807
25937,5609730.4028
25946,20000000
25962,20000000
25974,4294122.0665
25975,13770914.179
25977,10177615.673
25984,5303080.2983
25986,20000000
25988,20000000
26007,20000000
26008,20000000
26009,9521073.0214
26011,20000000
26014,4552709.6728
26019,20000000
26023,3697249.3993
26035,8044540.9925
26039,5114898.073
26046,20000000
26055,20000000
26057,20000000
26066,7083349.1873
26072,20000000
26085,6188538.5904
26087,20000000
26088,6852453.1144
26092,20000000
26094,4946660.3851
26097,20000000
26104,20000000
26110,20000000
26117,20000000
26121,5143252.5643
26126,6129178.468
26135,20000000
26138,20000000
26146,20000000
26147,20000000
26151,5745655.7118
26155,10998621.938
26159,20000000
26163,20000000
26168,5375281.1134
26173,10630383.77
26187,13978101.491
26193,20000000
26194,20000000
26196,20360613.065
26200,5325142.728
26202,6769946.9005
26204,20000000
26212,10352391.573
26218,20000000
26229,7291199.6354
26238,20000000
26251,11229801.647
26268,10142586.04
26274,20000000
26275,20000000
26286,21640856.658
26295,20000000
26299,20000000
26300,20000000
26301,20000000
26306,20000000
26309,5757751.3857
26315,20000000
26317,20000000
26321,4441582.3597
26324,20000000
26328,20000000
26329,6753420.5835
26332,20000000
26341,20000000
26354,20000000
26386,20000000
26392,7814290.0739
26395,6475825.6516
26397,20000000
26398,20000000
26404,20000000
26410,4657770.4926
26414,20000000
26419,20000000
26421,20000000
26433,20000000
26439,20000000
26443,20000000
26446,20000000
26450,20000000
26458,20000000
26461,6555709.4604
26472,8883346.3586
26474,20000000
26477,20000000
26494,6371761.9202
26500,20000000
26521,7206187.4657
26525,20000000
26538,20000000
26542,6929329.9292
26545,5788971.1597
26553,20000000
26556,20000000
26568,20000000
26573,9727388.7353
26575,8486083.3138
26576,4254819.3479
26588,6409410.5061
26595,20000000
26600,20000000
26602,17946997.338
26611,20000000
26622,20000000
26623,20000000
26626,8277627.5761
26628,10748913.889
26637,20000000
26642,9558468.2222
26646,6273189.4192
26653,15814856.175
26655,11787030.273
26661,20000000
26677,20000000
26679,7483212.6272
26681,4650048.4812
26688,10003302.189
26689,7318532.7146
26692,5644999.5211
26693,8609812.7046
26694,20000000
26698,20000000
26701,6919186.19
26714,6677994.0936
26718,4629821.5613
26723,5941996.6323
26726,3351025.4415
26732,13155890.927
26751,20000000
26759,8402462.835
26766,17629884.203
26767,5097573.8629
26769,20000000
26771,4906806.5898
26774,20000000
26776,20000000
26780,20000000
26790,20000000
26794,20000000
26799,20000000
26803,20000000
26820,20000000
26825,20000000
26832,6149380.7902
26841,10735052.244
26849,20000000
26855,11326855.131
26859,4184939.6774
26874,20000000
26895,20000000
26899,7335936.524
26901,4199377.8254
26905,3708018.3688
26911,4491376.7875
26913,20000000
26914,9681647.5451
26919,6057137.7521
26920,25369282.372
26921,20000000
26926,20000000
26930,20000000
26940,13248899.452
26949,6185431.8995
26960,20000000
26961,20000000
26972,20000000
26975,6644656.2597
26976,5308687.8969
26980,20000000
26983,7417417.6055
26987,20000000
26998,20000000
27000,20000000
27008,6556074.6118
27012,4921586.5699
27019,20000000
27028,20000000
27029,4879876.234
27030,20000000
27032,7973975.2812
27039,6861344.1453
27043,20000000
27052,20000000
27056,20000000
27058,7019797.7885
27066,4613439.2944
27068,11111485.585
27069,20000000
27077,20000000
27078,10477922.964
27086,6889850.4152
27106,5933782.9274
27107,5615761.682
27109,20000000
27112,6138016.2293
27121,20672936.739
27125,10153432.135
27127,20000000
27132,7386944.3582
27133,7694464.8819
27138,6390145.4625
27150,9394545.5477
27152,20000000
27159,2816537.6067
27168,8621879.9783
27169,5201718.6344
27172,6540221.5491
27174,20000000
27176,20000000
27177,13456951.832
27180,6826832.3965
27184,20000000
27188,11569349.916
27191,20000000
27204,9478294.6503
27205,11952234.153
27220,11030949.418
27221,20000000
27232,12795571.397
27237,20000000
27246,4947741.3097
27250,8462731.1409
27254,3469823.8435
27255,7809523.3662
27257,6064333.9219
27258,20000000
27264,20000000
27265,5611546.8756
27267,11674595.475
27277,11874420.81
27279,4824256.9246
27281,6414689.444
27290,17640501.255
27297,20000000
27306,20000000
27308,20000000
27316,20000000
27317,20000000
27325,8942093.2946
27326,20000000
27334,20000000
27336,20000000
27346,9659178.692
27350,20000000
27356,20000000
27361,6410652.0023
27363,5671401.6342
27367,20000000
27387,11863158.701
27391,20000000
27395,6253987.4954
27396,20000000
27397,6781541.3939
27408,20000000
27417,20000000
27427,23107027.664
27439,6205987.8188
27447,4561545.1402
27449,8868395.0837
27452,8187563.1813
27458,20000000
27468,5949552.3579
27480,9637797.8536
27485,13241912.974
27493,20000000
27497,6936010.8902
27505,7298875.739
27506,20000000
27508,5613110.6239
27510,20000000
27512,20000000
27513,13059426.614
27514,6026029.7627
27517,20000000
27522,6596934.3993
27527,2972813.9525
27535,20000000
27536,20000000
27545,6020903.5411
27549,14466669.222
27550,20000000
27568,20000000
27569,20000000
27578,10429099.674
27583,10638378.343
27591,8257070.5637
27594,12615618.047
27600,10092157.202
27604,20000000
27617,20000000
27619,6392291.9454
27626,5516044.8949
27631,7783184.3283
27655,4950297.3814
27677,3838928.9527
27679,11030603.474
27683,20000000
27685,6842033.5291
27691,5522954.3154
27694,20000000
27704,21827272.228
27712,11540594.382
27736,20000000
27750,20000000
27765,20000000
27780,7845872.7241
27786,6887126.4959
27794,20000000
27796,83023534.491
27800,20000000
27807,20000000
27811,12582661.185
27826,12324906.009
27830,4858936.3092
27832,5037732.8788
27837,6052646.6425
27841,20000000
27842,20000000
27844,20000000
27852,20000000
27858,5836029.8803
27859,8314250.2446
27862,7642940.5429
27865,4495527.9234
27866,5110306.2919
27872,5407610.1574
27877,1285027.8594
27888,20000000
27894,23747123.893
27899,20000000
27905,10556985.359
27916,20000000
27925,20000000
27929,5615933.1162
27934,20000000
27956,9696625.6057
27959,6596740.7682
27962,20193618.281
27963,9708341.361
27965,8971672.4305
27966,20000000
27971,20000000
27974,8810771.6027
27978,20000000
27980,20000000
27982,14893581.654
27987,20000000
28003,20000000
28004,10179521.373
28011,7121170.9338
28015,20000000
28017,12083905.034
28028,20000000
28052,8332916.8153
28054,11849753.731
28055,5880972.7734
28057,11564881.511
28061,12499982.678
28064,6792696.6343
28065,20000000
28078,12690657.825
28081,20000000
28086,20000000
28090,20000000
28098,17212749.945
28102,20000000
28119,10972856.584
28120,10852410.117
28126,13530039.749
28128,8241326.8298
28130,16722607.37
28137,10396600.351
28142,20000000
28143,16095990.425
28151,20000000
28152,20000000
28155,11331190.249
28161,20000000
28162,20000000
28168,20000000
28182,20000000
28191,20000000
28239,11364177.359
28257,20000000
28259,14237683.939
28261,20000000
28269,10307418.743
28284,6077237.5514
28285,15710454.207
28293,24909176.952
28297,20000000
28298,7457256.7524
28312,8442674.8789
28319,8231700.7804
28321,8992967.7409
28326,20000000
28340,20000000
28356,20000000
28361,20000000
28362,20000000
28366,7563665.6504
28376,4600217.6019
28394,18710547.228
28396,20000000
28397,2635798.1643
28402,5478233.8047
28409,5843597.779
28410,11873172.51
28421,20000000
28425,20000000
28426,15188762.587
28427,20000000
28428,4849667.4949
28430,13317404.636
28437,20000000
28449,20000000
28452,20000000
28457,20000000
28459,20000000
28462,20000000
28469,20000000
28472,20000000
28487,20000000
28503,20000000
28519,8553551.3443
28521,20000000
28528,20000000
28537,20000000
28538,5965597.9933
28543,9876972.2552
28562,20000000
28567,20000000
28579,13989841.372
28585,20000000
28595,20000000
28601,8381290.733
28605,20000000
28618,20000000
28620,15117707.729
28622,4759173.4138
28647,20000000
28656,16895510.37
28657,5676439.5314
28661,20000000
28675,20000000
28678,20000000
28696,20000000
28702,20000000
28705,3441882.997
28709,20000000
28713,20000000
28718,14976484.868
28724,20000000
28726,9048902.3483
28729,20000000
28741,20000000
28743,20000000
28747,13428686.373
28753,7583934.1286
28756,3663060.4401
28760,20000000
28771,8746214.2842
28773,20000000
28777,7521994.1965
28794,4034552.969
28800,9588504.1041
28814,7129294.5166
28821,20000000
28826,16551076.297
28838,12102937.897
28850,13491420.647
28854,15605501.909
28859,20000000
28870,20000000
28894,20000000
28904,5784569.2698
28907,20000000
28910,6005644.3161
28912,20000000
28915,20000000
28923,8655751.7785
28925,20000000
28928,6333715.2711
28929,20000000
28930,20000000
28936,20000000
28938,12301206.243
28939,20000000
28947,2779399.9788
28958,20000000
28963,20000000
28968,5882757.5839
28969,20000000
28974,20000000
28980,20000000
28981,20000000
28986,20000000
28987,20000000
28991,8065294.0917
28992,15082414.908
28997,3490178.2124
29001,20000000
29003,20000000
29014,20000000
29016,20000000
29021,4135595.5303
29032,6666258.5568
29033,20000000
29034,20000000
29036,20000000
29047,20000000
29058,3636593.7087
29060,20000000
29068,20000000
29072,20000000
29073,20000000
29078,10168352.743
29086,5351336.4078
29092,6249415.9132
29104,7157239.3256
29114,20000000
29125,12460918.883
29128,4899296.2926
29131,20000000
29132,8764530.2393
29137,-671972.9644
29139,20000000
29144,20000000
29159,5085497.2434
29162,7262808.3812
29170,20000000
29175,20000000
29178,20000000
29181,20000000
29183,6897132.6621
29184,20000000
29188,16939726.331
29194,20000000
29210,20000000
29218,20000000
29222,20000000
29226,20000000
29230,20000000
29248,5979872.265
29257,20000000
29262,6597777.3288
29266,20000000
29273,9398531.4564
29281,19212854.89
29290,8330763.7775
29301,20000000
29306,20000000
29307,9243872.1901
29308,20000000
29311,7053466.5081
29329,20000000
29337,20000000
29342,7065892.0629
29343,20000000
29344,4813733.4518
29361,20000000
29363,5553811.3368
29365,9250885.4783
29374,6102369.9698
29376,20000000
29392,3080712.2162
29393,5876074.2401
29404,20000000
29406,14528343.363
29409,8560096.9015
29417,20000000
29421,4287151.4512
29432,8026090.0798
29453,20000000
29462,9379160.0552
29463,9243475.8519
29465,20000000
29475,12336800.849
29476,8775591.3967
29484,20000000
29495,20000000
29507,6647641.3565
29528,20000000
29537,21278141.196
29547,20000000
29552,9816860.7386
29563,16595347.255
29569,10583494.636
29572,8236180.5136
29582,6109376.5454
29596,7152661.0332
29599,9518189.1202
29601,20000000
29618,20000000
29626,20000000
29629,20000000
29653,7635975.2863
29660,20000000
29661,20000000
29673,7674393.1894
29675,20000000
29676,2289620.6744
29677,20000000
29682,7214178.8908
29684,20000000
29686,20000000
29689,14369523.333
29690,20000000
29698,7816031.2578
29699,12192040.677
29701,20000000
29704,20000000
29707,20000000
29711,6668172.2412
29712,20000000
29714,5361638.4014
29724,20000000
29739,6684104.5244
29741,20000000
29742,20000000
29746,20000000
29751,9847882.7412
29752,9657051.2778
29756,20000000
29765,20000000
29780,10275703.467
29783,20000000
29784,5735587.0159
29791,5055413.0998
29803,20000000
29811,4224098.0566
29812,10364679.366
29815,7316483.9481
29830,20000000
29860,9343747.2368
29861,20000000
29870,6490663.7327
29878,7204132.5889
29883,8900195.1642
29884,12743608.594
29885,7807572.1768
29888,20000000
29894,7640409.4064
29912,20000000
29925,20000000
29928,20000000
29942,14498476.832
29949,20000000
29952,7547010.1345
29955,7202330.1593
29959,20000000
29973,20000000
29983,17044319.599
29984,20000000
29986,20000000
29988,7500228.735
30001,8169070.0599
30007,20000000
30013,20000000
30018,11219723.973
30034,11390896.594
30044,10425302.804
30045,1612836.5262
30052,13431560.612
30055,8537701.5845
30056,20000000
30069,20000000
30073,10415489.202
30077,20000000
30081,13208520.134
30084,6397890.6763
30086,20000000
30102,20000000
30117,20000000
30118,3864348.0507
30147,9175478.9021
30150,10662889.452
30164,20000000
30168,16205959.122
30170,20000000
30171,20000000
30173,3111794.384
30174,20000000
30179,10420261.289
30187,8120337.4964
30192,6940343.5274
30203,13363022.444
30205,12134737.161
30211,20000000
30214,4911146.1591
30215,6757446.259
30216,13914841.705
30219,12984982.732
30225,9021909.3172
30240,6171172.7088
30242,14307579.486
30260,1316868.6534
30269,20000000
30273,20000000
30278,20000000
30286,7645063.9752
30287,6881406.4319
30288,20000000
30290,20000000
30295,20000000
30298,20000000
30300,10575446.298
30313,20000000
30314,20000000
30317,20000000
30318,9106228.2702
30320,9720140.6696
30324,20000000
30325,20000000
30327,20000000
30338,20000000
30339,2050220.0795
30350,6800618.6971
30362,20000000
30364,11257128.913
30370,20000000
30371,20000000
30378,6684474.6828
30385,8730177.1829
30392,3805316.4705
30395,20000000
30400,23399698.699
30407,20000000
30413,6126202.266
30425,20000000
30428,20000000
30429,13143596.395
30439,5960623.0177
30443,22130748.807
30449,20000000
30450,10056839.369
30453,20000000
30457,20000000
30459,20000000
30460,8483702.5473
30462,8228429.0139
30469,20000000
